dataset,cantidad_locales,limite_contagio,metodo,tiempo
mejor-caso-BT,0,1000,BT,0.002565
mejor-caso-BT,1,1000,BT,0.002314
mejor-caso-BT,2,1000,BT,0.002565
mejor-caso-BT,3,1000,BT,0.003056
mejor-caso-BT,4,1000,BT,0.002024
mejor-caso-BT,5,1000,BT,0.002725
mejor-caso-BT,6,1000,BT,0.002745
mejor-caso-BT,7,1000,BT,0.002585
mejor-caso-BT,8,1000,BT,0.002815
mejor-caso-BT,9,1000,BT,0.002685
mejor-caso-BT,10,1000,BT,0.002534
mejor-caso-BT,11,1000,BT,0.003576
mejor-caso-BT,12,1000,BT,0.002395
mejor-caso-BT,13,1000,BT,0.002064
mejor-caso-BT,14,1000,BT,0.002675
mejor-caso-BT,15,1000,BT,0.003286
mejor-caso-BT,16,1000,BT,0.002084
mejor-caso-BT,17,1000,BT,0.002274
mejor-caso-BT,18,1000,BT,0.002845
mejor-caso-BT,19,1000,BT,0.002004
mejor-caso-BT,20,1000,BT,0.002805
mejor-caso-BT,21,1000,BT,0.003216
mejor-caso-BT,22,1000,BT,0.002144
mejor-caso-BT,23,1000,BT,0.004057
mejor-caso-BT,24,1000,BT,0.002725
mejor-caso-BT,25,1000,BT,0.003196
mejor-caso-BT,26,1000,BT,0.002134
mejor-caso-BT,27,1000,BT,0.003156
mejor-caso-BT,28,1000,BT,0.002956
mejor-caso-BT,29,1000,BT,0.002304
mejor-caso-BT,30,1000,BT,0.002935
mejor-caso-BT,31,1000,BT,0.002194
mejor-caso-BT,32,1000,BT,0.002865
mejor-caso-BT,33,1000,BT,0.002735
mejor-caso-BT,34,1000,BT,0.002345
mejor-caso-BT,35,1000,BT,0.003787
mejor-caso-BT,36,1000,BT,0.003236
mejor-caso-BT,37,1000,BT,0.002745
mejor-caso-BT,38,1000,BT,0.002364
mejor-caso-BT,39,1000,BT,0.003116
mejor-caso-BT,40,1000,BT,0.002255
mejor-caso-BT,41,1000,BT,0.002966
mejor-caso-BT,42,1000,BT,0.002705
mejor-caso-BT,43,1000,BT,0.002605
mejor-caso-BT,44,1000,BT,0.003145
mejor-caso-BT,45,1000,BT,0.003247
mejor-caso-BT,46,1000,BT,0.003116
mejor-caso-BT,47,1000,BT,0.003226
mejor-caso-BT,48,1000,BT,0.003557
mejor-caso-BT,49,1000,BT,0.002405
mejor-caso-BT,50,1000,BT,0.003106
mejor-caso-BT,51,1000,BT,0.003326
mejor-caso-BT,52,1000,BT,0.002685
mejor-caso-BT,53,1000,BT,0.002996
mejor-caso-BT,54,1000,BT,0.002535
mejor-caso-BT,55,1000,BT,0.004208
mejor-caso-BT,56,1000,BT,0.003557
mejor-caso-BT,57,1000,BT,0.002465
mejor-caso-BT,58,1000,BT,0.003867
mejor-caso-BT,59,1000,BT,0.002825
mejor-caso-BT,60,1000,BT,0.002665
mejor-caso-BT,61,1000,BT,0.003957
mejor-caso-BT,62,1000,BT,0.003687
mejor-caso-BT,63,1000,BT,0.002705
mejor-caso-BT,64,1000,BT,0.002735
mejor-caso-BT,65,1000,BT,0.003316
mejor-caso-BT,66,1000,BT,0.002544
mejor-caso-BT,67,1000,BT,0.003397
mejor-caso-BT,68,1000,BT,0.002985
mejor-caso-BT,69,1000,BT,0.003056
mejor-caso-BT,70,1000,BT,0.003868
mejor-caso-BT,71,1000,BT,0.003447
mejor-caso-BT,72,1000,BT,0.003116
mejor-caso-BT,73,1000,BT,0.003467
mejor-caso-BT,74,1000,BT,0.002685
mejor-caso-BT,75,1000,BT,0.003767
mejor-caso-BT,76,1000,BT,0.003316
mejor-caso-BT,77,1000,BT,0.003747
mejor-caso-BT,78,1000,BT,0.003266
mejor-caso-BT,79,1000,BT,0.003386
mejor-caso-BT,80,1000,BT,0.003677
mejor-caso-BT,81,1000,BT,0.002725
mejor-caso-BT,82,1000,BT,0.003166
mejor-caso-BT,83,1000,BT,0.003185
mejor-caso-BT,84,1000,BT,0.002825
mejor-caso-BT,85,1000,BT,0.004328
mejor-caso-BT,86,1000,BT,0.003065
mejor-caso-BT,87,1000,BT,0.002835
mejor-caso-BT,88,1000,BT,0.003637
mejor-caso-BT,89,1000,BT,0.003136
mejor-caso-BT,90,1000,BT,0.002605
mejor-caso-BT,91,1000,BT,0.003437
mejor-caso-BT,92,1000,BT,0.002765
mejor-caso-BT,93,1000,BT,0.003577
mejor-caso-BT,94,1000,BT,0.004308
mejor-caso-BT,95,1000,BT,0.003727
mejor-caso-BT,96,1000,BT,0.002965
mejor-caso-BT,97,1000,BT,0.004057
mejor-caso-BT,98,1000,BT,0.003767
mejor-caso-BT,99,1000,BT,0.003747
mejor-caso-BT,100,1000,BT,0.002765
mejor-caso-BT,101,1000,BT,0.006372
mejor-caso-BT,102,1000,BT,0.002595
mejor-caso-BT,103,1000,BT,0.004068
mejor-caso-BT,104,1000,BT,0.004128
mejor-caso-BT,105,1000,BT,0.003677
mejor-caso-BT,106,1000,BT,0.007965
mejor-caso-BT,107,1000,BT,0.003516
mejor-caso-BT,108,1000,BT,0.003156
mejor-caso-BT,109,1000,BT,0.002945
mejor-caso-BT,110,1000,BT,0.003967
mejor-caso-BT,111,1000,BT,0.003556
mejor-caso-BT,112,1000,BT,0.003196
mejor-caso-BT,113,1000,BT,0.004869
mejor-caso-BT,114,1000,BT,0.004929
mejor-caso-BT,115,1000,BT,0.003106
mejor-caso-BT,116,1000,BT,0.00503
mejor-caso-BT,117,1000,BT,0.003646
mejor-caso-BT,118,1000,BT,0.002796
mejor-caso-BT,119,1000,BT,0.00581
mejor-caso-BT,120,1000,BT,0.004648
mejor-caso-BT,121,1000,BT,0.003035
mejor-caso-BT,122,1000,BT,0.004048
mejor-caso-BT,123,1000,BT,0.004378
mejor-caso-BT,124,1000,BT,0.004659
mejor-caso-BT,125,1000,BT,0.003636
mejor-caso-BT,126,1000,BT,0.003988
mejor-caso-BT,127,1000,BT,0.002975
mejor-caso-BT,128,1000,BT,0.003647
mejor-caso-BT,129,1000,BT,0.003947
mejor-caso-BT,130,1000,BT,0.004739
mejor-caso-BT,131,1000,BT,0.005651
mejor-caso-BT,132,1000,BT,0.006462
mejor-caso-BT,133,1000,BT,0.004589
mejor-caso-BT,134,1000,BT,0.004328
mejor-caso-BT,135,1000,BT,0.006483
mejor-caso-BT,136,1000,BT,0.004168
mejor-caso-BT,137,1000,BT,0.004439
mejor-caso-BT,138,1000,BT,0.004258
mejor-caso-BT,139,1000,BT,0.00526
mejor-caso-BT,140,1000,BT,0.0052
mejor-caso-BT,141,1000,BT,0.004258
mejor-caso-BT,142,1000,BT,0.003687
mejor-caso-BT,143,1000,BT,0.006312
mejor-caso-BT,144,1000,BT,0.004157
mejor-caso-BT,145,1000,BT,0.00489
mejor-caso-BT,146,1000,BT,0.004538
mejor-caso-BT,147,1000,BT,0.004188
mejor-caso-BT,148,1000,BT,0.009097
mejor-caso-BT,149,1000,BT,0.006682
mejor-caso-BT,150,1000,BT,0.004388
mejor-caso-BT,151,1000,BT,0.004609
mejor-caso-BT,152,1000,BT,0.006512
mejor-caso-BT,153,1000,BT,0.004559
mejor-caso-BT,154,1000,BT,0.003446
mejor-caso-BT,155,1000,BT,0.00563
mejor-caso-BT,156,1000,BT,0.006863
mejor-caso-BT,157,1000,BT,0.004979
mejor-caso-BT,158,1000,BT,0.00558
mejor-caso-BT,159,1000,BT,0.00541
mejor-caso-BT,160,1000,BT,0.004328
mejor-caso-BT,161,1000,BT,0.00551
mejor-caso-BT,162,1000,BT,0.0051
mejor-caso-BT,163,1000,BT,0.00523
mejor-caso-BT,164,1000,BT,0.005511
mejor-caso-BT,165,1000,BT,0.004448
mejor-caso-BT,166,1000,BT,0.004739
mejor-caso-BT,167,1000,BT,0.008225
mejor-caso-BT,168,1000,BT,0.006112
mejor-caso-BT,169,1000,BT,0.004478
mejor-caso-BT,170,1000,BT,0.006372
mejor-caso-BT,171,1000,BT,0.005461
mejor-caso-BT,172,1000,BT,0.004668
mejor-caso-BT,173,1000,BT,0.004929
mejor-caso-BT,174,1000,BT,0.004639
mejor-caso-BT,175,1000,BT,0.005801
mejor-caso-BT,176,1000,BT,0.007193
mejor-caso-BT,177,1000,BT,0.007104
mejor-caso-BT,178,1000,BT,0.004438
mejor-caso-BT,179,1000,BT,0.008286
mejor-caso-BT,180,1000,BT,0.004789
mejor-caso-BT,181,1000,BT,0.006342
mejor-caso-BT,182,1000,BT,0.007965
mejor-caso-BT,183,1000,BT,0.004779
mejor-caso-BT,184,1000,BT,0.004738
mejor-caso-BT,185,1000,BT,0.007163
mejor-caso-BT,186,1000,BT,0.007263
mejor-caso-BT,187,1000,BT,0.004509
mejor-caso-BT,188,1000,BT,0.0055
mejor-caso-BT,189,1000,BT,0.007394
mejor-caso-BT,190,1000,BT,0.005601
mejor-caso-BT,191,1000,BT,0.004548
mejor-caso-BT,192,1000,BT,0.008265
mejor-caso-BT,193,1000,BT,0.00523
mejor-caso-BT,194,1000,BT,0.004669
mejor-caso-BT,195,1000,BT,0.007544
mejor-caso-BT,196,1000,BT,0.008356
mejor-caso-BT,197,1000,BT,0.005019
mejor-caso-BT,198,1000,BT,0.00539
mejor-caso-BT,199,1000,BT,0.008476
mejor-caso-BT,200,1000,BT,0.005521
mejor-caso-BT,201,1000,BT,0.00521
mejor-caso-BT,202,1000,BT,0.004959
mejor-caso-BT,203,1000,BT,0.005551
mejor-caso-BT,204,1000,BT,0.00546
mejor-caso-BT,205,1000,BT,0.006191
mejor-caso-BT,206,1000,BT,0.007223
mejor-caso-BT,207,1000,BT,0.006171
mejor-caso-BT,208,1000,BT,0.008816
mejor-caso-BT,209,1000,BT,0.00503
mejor-caso-BT,210,1000,BT,0.007404
mejor-caso-BT,211,1000,BT,0.008236
mejor-caso-BT,212,1000,BT,0.007293
mejor-caso-BT,213,1000,BT,0.009147
mejor-caso-BT,214,1000,BT,0.009268
mejor-caso-BT,215,1000,BT,0.005431
mejor-caso-BT,216,1000,BT,0.006953
mejor-caso-BT,217,1000,BT,0.006682
mejor-caso-BT,218,1000,BT,0.005891
mejor-caso-BT,219,1000,BT,0.006983
mejor-caso-BT,220,1000,BT,0.008817
mejor-caso-BT,221,1000,BT,0.005069
mejor-caso-BT,222,1000,BT,0.01113
mejor-caso-BT,223,1000,BT,0.009238
mejor-caso-BT,224,1000,BT,0.005119
mejor-caso-BT,225,1000,BT,0.008897
mejor-caso-BT,226,1000,BT,0.006211
mejor-caso-BT,227,1000,BT,0.006722
mejor-caso-BT,228,1000,BT,0.005791
mejor-caso-BT,229,1000,BT,0.008676
mejor-caso-BT,230,1000,BT,0.005891
mejor-caso-BT,231,1000,BT,0.008917
mejor-caso-BT,232,1000,BT,0.007494
mejor-caso-BT,233,1000,BT,0.011151
mejor-caso-BT,234,1000,BT,0.005931
mejor-caso-BT,235,1000,BT,0.009628
mejor-caso-BT,236,1000,BT,0.008366
mejor-caso-BT,237,1000,BT,0.008346
mejor-caso-BT,238,1000,BT,0.008255
mejor-caso-BT,239,1000,BT,0.005901
mejor-caso-BT,240,1000,BT,0.008576
mejor-caso-BT,241,1000,BT,0.006281
mejor-caso-BT,242,1000,BT,0.006282
mejor-caso-BT,243,1000,BT,0.006081
mejor-caso-BT,244,1000,BT,0.01074
mejor-caso-BT,245,1000,BT,0.007904
mejor-caso-BT,246,1000,BT,0.005881
mejor-caso-BT,247,1000,BT,0.01072
mejor-caso-BT,248,1000,BT,0.005951
mejor-caso-BT,249,1000,BT,0.008837
mejor-caso-BT,250,1000,BT,0.010269
mejor-caso-BT,251,1000,BT,0.006612
mejor-caso-BT,252,1000,BT,0.011452
mejor-caso-BT,253,1000,BT,0.010059
mejor-caso-BT,254,1000,BT,0.007544
mejor-caso-BT,255,1000,BT,0.007524
mejor-caso-BT,256,1000,BT,0.009027
mejor-caso-BT,257,1000,BT,0.007645
mejor-caso-BT,258,1000,BT,0.011882
mejor-caso-BT,259,1000,BT,0.008065
mejor-caso-BT,260,1000,BT,0.007053
mejor-caso-BT,261,1000,BT,0.010219
mejor-caso-BT,262,1000,BT,0.013044
mejor-caso-BT,263,1000,BT,0.006252
mejor-caso-BT,264,1000,BT,0.008025
mejor-caso-BT,265,1000,BT,0.009318
mejor-caso-BT,266,1000,BT,0.006191
mejor-caso-BT,267,1000,BT,0.008035
mejor-caso-BT,268,1000,BT,0.009458
mejor-caso-BT,269,1000,BT,0.006412
mejor-caso-BT,270,1000,BT,0.009678
mejor-caso-BT,271,1000,BT,0.010019
mejor-caso-BT,272,1000,BT,0.009818
mejor-caso-BT,273,1000,BT,0.007815
mejor-caso-BT,274,1000,BT,0.010509
mejor-caso-BT,275,1000,BT,0.006231
mejor-caso-BT,276,1000,BT,0.012172
mejor-caso-BT,277,1000,BT,0.01036
mejor-caso-BT,278,1000,BT,0.006252
mejor-caso-BT,279,1000,BT,0.011482
mejor-caso-BT,280,1000,BT,0.009477
mejor-caso-BT,281,1000,BT,0.008175
mejor-caso-BT,282,1000,BT,0.011792
mejor-caso-BT,283,1000,BT,0.006492
mejor-caso-BT,284,1000,BT,0.011351
mejor-caso-BT,285,1000,BT,0.006432
mejor-caso-BT,286,1000,BT,0.009598
mejor-caso-BT,287,1000,BT,0.009468
mejor-caso-BT,288,1000,BT,0.006643
mejor-caso-BT,289,1000,BT,0.012333
mejor-caso-BT,290,1000,BT,0.007033
mejor-caso-BT,291,1000,BT,0.011141
mejor-caso-BT,292,1000,BT,0.010119
mejor-caso-BT,293,1000,BT,0.007875
mejor-caso-BT,294,1000,BT,0.011642
mejor-caso-BT,295,1000,BT,0.008396
mejor-caso-BT,296,1000,BT,0.006432
mejor-caso-BT,297,1000,BT,0.008877
mejor-caso-BT,298,1000,BT,0.01091
mejor-caso-BT,299,1000,BT,0.007895
mejor-caso-BT,300,1000,BT,0.012082
mejor-caso-BT,301,1000,BT,0.012453
mejor-caso-BT,302,1000,BT,0.008255
mejor-caso-BT,303,1000,BT,0.010309
mejor-caso-BT,304,1000,BT,0.006783
mejor-caso-BT,305,1000,BT,0.014216
mejor-caso-BT,306,1000,BT,0.009528
mejor-caso-BT,307,1000,BT,0.007354
mejor-caso-BT,308,1000,BT,0.012994
mejor-caso-BT,309,1000,BT,0.006202
mejor-caso-BT,310,1000,BT,0.007254
mejor-caso-BT,311,1000,BT,0.016371
mejor-caso-BT,312,1000,BT,0.011231
mejor-caso-BT,313,1000,BT,0.009177
mejor-caso-BT,314,1000,BT,0.008406
mejor-caso-BT,315,1000,BT,0.012013
mejor-caso-BT,316,1000,BT,0.007434
mejor-caso-BT,317,1000,BT,0.015629
mejor-caso-BT,318,1000,BT,0.011522
mejor-caso-BT,319,1000,BT,0.008165
mejor-caso-BT,320,1000,BT,0.009258
mejor-caso-BT,321,1000,BT,0.01068
mejor-caso-BT,322,1000,BT,0.012423
mejor-caso-BT,323,1000,BT,0.010289
mejor-caso-BT,324,1000,BT,0.009558
mejor-caso-BT,325,1000,BT,0.012513
mejor-caso-BT,326,1000,BT,0.014447
mejor-caso-BT,327,1000,BT,0.011542
mejor-caso-BT,328,1000,BT,0.009668
mejor-caso-BT,329,1000,BT,0.012383
mejor-caso-BT,330,1000,BT,0.007173
mejor-caso-BT,331,1000,BT,0.011622
mejor-caso-BT,332,1000,BT,0.011732
mejor-caso-BT,333,1000,BT,0.011041
mejor-caso-BT,334,1000,BT,0.014256
mejor-caso-BT,335,1000,BT,0.008135
mejor-caso-BT,336,1000,BT,0.011933
mejor-caso-BT,337,1000,BT,0.013405
mejor-caso-BT,338,1000,BT,0.012574
mejor-caso-BT,339,1000,BT,0.008336
mejor-caso-BT,340,1000,BT,0.017082
mejor-caso-BT,341,1000,BT,0.008976
mejor-caso-BT,342,1000,BT,0.01045
mejor-caso-BT,343,1000,BT,0.010469
mejor-caso-BT,344,1000,BT,0.008245
mejor-caso-BT,345,1000,BT,0.011362
mejor-caso-BT,346,1000,BT,0.011722
mejor-caso-BT,347,1000,BT,0.009047
mejor-caso-BT,348,1000,BT,0.011912
mejor-caso-BT,349,1000,BT,0.012413
mejor-caso-BT,350,1000,BT,0.007674
mejor-caso-BT,351,1000,BT,0.011271
mejor-caso-BT,352,1000,BT,0.009087
mejor-caso-BT,353,1000,BT,0.011872
mejor-caso-BT,354,1000,BT,0.013175
mejor-caso-BT,355,1000,BT,0.01066
mejor-caso-BT,356,1000,BT,0.013555
mejor-caso-BT,357,1000,BT,0.014818
mejor-caso-BT,358,1000,BT,0.007625
mejor-caso-BT,359,1000,BT,0.012894
mejor-caso-BT,360,1000,BT,0.010309
mejor-caso-BT,361,1000,BT,0.014687
mejor-caso-BT,362,1000,BT,0.014097
mejor-caso-BT,363,1000,BT,0.009719
mejor-caso-BT,364,1000,BT,0.008365
mejor-caso-BT,365,1000,BT,0.011802
mejor-caso-BT,366,1000,BT,0.014296
mejor-caso-BT,367,1000,BT,0.01067
mejor-caso-BT,368,1000,BT,0.013526
mejor-caso-BT,369,1000,BT,0.015039
mejor-caso-BT,370,1000,BT,0.011682
mejor-caso-BT,371,1000,BT,0.017623
mejor-caso-BT,372,1000,BT,0.012894
mejor-caso-BT,373,1000,BT,0.010159
mejor-caso-BT,374,1000,BT,0.010579
mejor-caso-BT,375,1000,BT,0.012053
mejor-caso-BT,376,1000,BT,0.013485
mejor-caso-BT,377,1000,BT,0.006593
mejor-caso-BT,378,1000,BT,0.012433
mejor-caso-BT,379,1000,BT,0.01057
mejor-caso-BT,380,1000,BT,0.011572
mejor-caso-BT,381,1000,BT,0.01104
mejor-caso-BT,382,1000,BT,0.011862
mejor-caso-BT,383,1000,BT,0.009227
mejor-caso-BT,384,1000,BT,0.024666
mejor-caso-BT,385,1000,BT,0.014257
mejor-caso-BT,386,1000,BT,0.011211
mejor-caso-BT,387,1000,BT,0.018956
mejor-caso-BT,388,1000,BT,0.017042
mejor-caso-BT,389,1000,BT,0.014296
mejor-caso-BT,390,1000,BT,0.017072
mejor-caso-BT,391,1000,BT,0.010259
mejor-caso-BT,392,1000,BT,0.015739
mejor-caso-BT,393,1000,BT,0.017643
mejor-caso-BT,394,1000,BT,0.010289
mejor-caso-BT,395,1000,BT,0.012584
mejor-caso-BT,396,1000,BT,0.014197
mejor-caso-BT,397,1000,BT,0.008315
mejor-caso-BT,398,1000,BT,0.017252
mejor-caso-BT,399,1000,BT,0.014717
mejor-caso-BT,400,1000,BT,0.01067
mejor-caso-BT,401,1000,BT,0.01076
mejor-caso-BT,402,1000,BT,0.016211
mejor-caso-BT,403,1000,BT,0.012504
mejor-caso-BT,404,1000,BT,0.01061
mejor-caso-BT,405,1000,BT,0.018534
mejor-caso-BT,406,1000,BT,0.01081
mejor-caso-BT,407,1000,BT,0.010429
mejor-caso-BT,408,1000,BT,0.015329
mejor-caso-BT,409,1000,BT,0.010479
mejor-caso-BT,410,1000,BT,0.020879
mejor-caso-BT,411,1000,BT,0.013275
mejor-caso-BT,412,1000,BT,0.024575
mejor-caso-BT,413,1000,BT,0.017613
mejor-caso-BT,414,1000,BT,0.02137
mejor-caso-BT,415,1000,BT,0.018545
mejor-caso-BT,416,1000,BT,0.01585
mejor-caso-BT,417,1000,BT,0.012242
mejor-caso-BT,418,1000,BT,0.025157
mejor-caso-BT,419,1000,BT,0.016872
mejor-caso-BT,420,1000,BT,0.021741
mejor-caso-BT,421,1000,BT,0.01604
mejor-caso-BT,422,1000,BT,0.016892
mejor-caso-BT,423,1000,BT,0.011531
mejor-caso-BT,424,1000,BT,0.01072
mejor-caso-BT,425,1000,BT,0.019987
mejor-caso-BT,426,1000,BT,0.02145
mejor-caso-BT,427,1000,BT,0.011361
mejor-caso-BT,428,1000,BT,0.016421
mejor-caso-BT,429,1000,BT,0.016621
mejor-caso-BT,430,1000,BT,0.012193
mejor-caso-BT,431,1000,BT,0.012353
mejor-caso-BT,432,1000,BT,0.02164
mejor-caso-BT,433,1000,BT,0.025628
mejor-caso-BT,434,1000,BT,0.016761
mejor-caso-BT,435,1000,BT,0.014678
mejor-caso-BT,436,1000,BT,0.01083
mejor-caso-BT,437,1000,BT,0.017542
mejor-caso-BT,438,1000,BT,0.014747
mejor-caso-BT,439,1000,BT,0.010629
mejor-caso-BT,440,1000,BT,0.013365
mejor-caso-BT,441,1000,BT,0.017272
mejor-caso-BT,442,1000,BT,0.009869
mejor-caso-BT,443,1000,BT,0.02135
mejor-caso-BT,444,1000,BT,0.020648
mejor-caso-BT,445,1000,BT,0.016281
mejor-caso-BT,446,1000,BT,0.012594
mejor-caso-BT,447,1000,BT,0.013335
mejor-caso-BT,448,1000,BT,0.014437
mejor-caso-BT,449,1000,BT,0.012383
mejor-caso-BT,450,1000,BT,0.011562
mejor-caso-BT,451,1000,BT,0.011481
mejor-caso-BT,452,1000,BT,0.020829
mejor-caso-BT,453,1000,BT,0.021701
mejor-caso-BT,454,1000,BT,0.012723
mejor-caso-BT,455,1000,BT,0.011832
mejor-caso-BT,456,1000,BT,0.019527
mejor-caso-BT,457,1000,BT,0.016881
mejor-caso-BT,458,1000,BT,0.011933
mejor-caso-BT,459,1000,BT,0.020709
mejor-caso-BT,460,1000,BT,0.017643
mejor-caso-BT,461,1000,BT,0.013095
mejor-caso-BT,462,1000,BT,0.011502
mejor-caso-BT,463,1000,BT,0.016691
mejor-caso-BT,464,1000,BT,0.013846
mejor-caso-BT,465,1000,BT,0.011992
mejor-caso-BT,466,1000,BT,0.019236
mejor-caso-BT,467,1000,BT,0.016832
mejor-caso-BT,468,1000,BT,0.010369
mejor-caso-BT,469,1000,BT,0.015549
mejor-caso-BT,470,1000,BT,0.014047
mejor-caso-BT,471,1000,BT,0.0158
mejor-caso-BT,472,1000,BT,0.018745
mejor-caso-BT,473,1000,BT,0.020238
mejor-caso-BT,474,1000,BT,0.012083
mejor-caso-BT,475,1000,BT,0.020569
mejor-caso-BT,476,1000,BT,0.022713
mejor-caso-BT,477,1000,BT,0.013696
mejor-caso-BT,478,1000,BT,0.016311
mejor-caso-BT,479,1000,BT,0.018645
mejor-caso-BT,480,1000,BT,0.011502
mejor-caso-BT,481,1000,BT,0.018655
mejor-caso-BT,482,1000,BT,0.011782
mejor-caso-BT,483,1000,BT,0.020549
mejor-caso-BT,484,1000,BT,0.018394
mejor-caso-BT,485,1000,BT,0.014908
mejor-caso-BT,486,1000,BT,0.019055
mejor-caso-BT,487,1000,BT,0.011802
mejor-caso-BT,488,1000,BT,0.023935
mejor-caso-BT,489,1000,BT,0.011521
mejor-caso-BT,490,1000,BT,0.014277
mejor-caso-BT,491,1000,BT,0.021481
mejor-caso-BT,492,1000,BT,0.020659
mejor-caso-BT,493,1000,BT,0.013655
mejor-caso-BT,494,1000,BT,0.016341
mejor-caso-BT,495,1000,BT,0.018916
mejor-caso-BT,496,1000,BT,0.022893
mejor-caso-BT,497,1000,BT,0.019947
mejor-caso-BT,498,1000,BT,0.022613
mejor-caso-BT,499,1000,BT,0.020068
mejor-caso-BT,500,1000,BT,0.020598
mejor-caso-BT,501,1000,BT,0.022842
mejor-caso-BT,502,1000,BT,0.013766
mejor-caso-BT,503,1000,BT,0.020709
mejor-caso-BT,504,1000,BT,0.012764
mejor-caso-BT,505,1000,BT,0.018876
mejor-caso-BT,506,1000,BT,0.021239
mejor-caso-BT,507,1000,BT,0.015249
mejor-caso-BT,508,1000,BT,0.014657
mejor-caso-BT,509,1000,BT,0.015499
mejor-caso-BT,510,1000,BT,0.01642
mejor-caso-BT,511,1000,BT,0.020067
mejor-caso-BT,512,1000,BT,0.018083
mejor-caso-BT,513,1000,BT,0.019847
mejor-caso-BT,514,1000,BT,0.013235
mejor-caso-BT,515,1000,BT,0.017363
mejor-caso-BT,516,1000,BT,0.022642
mejor-caso-BT,517,1000,BT,0.020277
mejor-caso-BT,518,1000,BT,0.023905
mejor-caso-BT,519,1000,BT,0.011822
mejor-caso-BT,520,1000,BT,0.011982
mejor-caso-BT,521,1000,BT,0.015379
mejor-caso-BT,522,1000,BT,0.012844
mejor-caso-BT,523,1000,BT,0.024867
mejor-caso-BT,524,1000,BT,0.019977
mejor-caso-BT,525,1000,BT,0.018454
mejor-caso-BT,526,1000,BT,0.023635
mejor-caso-BT,527,1000,BT,0.022513
mejor-caso-BT,528,1000,BT,0.017994
mejor-caso-BT,529,1000,BT,0.016671
mejor-caso-BT,530,1000,BT,0.020278
mejor-caso-BT,531,1000,BT,0.021491
mejor-caso-BT,532,1000,BT,0.015309
mejor-caso-BT,533,1000,BT,0.016421
mejor-caso-BT,534,1000,BT,0.015398
mejor-caso-BT,535,1000,BT,0.01075
mejor-caso-BT,536,1000,BT,0.025528
mejor-caso-BT,537,1000,BT,0.013525
mejor-caso-BT,538,1000,BT,0.011902
mejor-caso-BT,539,1000,BT,0.013335
mejor-caso-BT,540,1000,BT,0.012964
mejor-caso-BT,541,1000,BT,0.012023
mejor-caso-BT,542,1000,BT,0.020689
mejor-caso-BT,543,1000,BT,0.019627
mejor-caso-BT,544,1000,BT,0.013676
mejor-caso-BT,545,1000,BT,0.014778
mejor-caso-BT,546,1000,BT,0.014777
mejor-caso-BT,547,1000,BT,0.022632
mejor-caso-BT,548,1000,BT,0.025147
mejor-caso-BT,549,1000,BT,0.014788
mejor-caso-BT,550,1000,BT,0.019998
mejor-caso-BT,551,1000,BT,0.025197
mejor-caso-BT,552,1000,BT,0.013214
mejor-caso-BT,553,1000,BT,0.025788
mejor-caso-BT,554,1000,BT,0.025438
mejor-caso-BT,555,1000,BT,0.025358
mejor-caso-BT,556,1000,BT,0.023494
mejor-caso-BT,557,1000,BT,0.016711
mejor-caso-BT,558,1000,BT,0.017713
mejor-caso-BT,559,1000,BT,0.015058
mejor-caso-BT,560,1000,BT,0.018835
mejor-caso-BT,561,1000,BT,0.02127
mejor-caso-BT,562,1000,BT,0.022001
mejor-caso-BT,563,1000,BT,0.019096
mejor-caso-BT,564,1000,BT,0.022953
mejor-caso-BT,565,1000,BT,0.017423
mejor-caso-BT,566,1000,BT,0.022071
mejor-caso-BT,567,1000,BT,0.014618
mejor-caso-BT,568,1000,BT,0.027792
mejor-caso-BT,569,1000,BT,0.023855
mejor-caso-BT,570,1000,BT,0.019757
mejor-caso-BT,571,1000,BT,0.012794
mejor-caso-BT,572,1000,BT,0.020328
mejor-caso-BT,573,1000,BT,0.014648
mejor-caso-BT,574,1000,BT,0.014527
mejor-caso-BT,575,1000,BT,0.024496
mejor-caso-BT,576,1000,BT,0.013786
mejor-caso-BT,577,1000,BT,0.020848
mejor-caso-BT,578,1000,BT,0.015749
mejor-caso-BT,579,1000,BT,0.023414
mejor-caso-BT,580,1000,BT,0.012944
mejor-caso-BT,581,1000,BT,0.013706
mejor-caso-BT,582,1000,BT,0.018434
mejor-caso-BT,583,1000,BT,0.013655
mejor-caso-BT,584,1000,BT,0.013926
mejor-caso-BT,585,1000,BT,0.014688
mejor-caso-BT,586,1000,BT,0.026279
mejor-caso-BT,587,1000,BT,0.020859
mejor-caso-BT,588,1000,BT,0.020469
mejor-caso-BT,589,1000,BT,0.013986
mejor-caso-BT,590,1000,BT,0.022643
mejor-caso-BT,591,1000,BT,0.025348
mejor-caso-BT,592,1000,BT,0.022342
mejor-caso-BT,593,1000,BT,0.020718
mejor-caso-BT,594,1000,BT,0.023293
mejor-caso-BT,595,1000,BT,0.01605
mejor-caso-BT,596,1000,BT,0.019526
mejor-caso-BT,597,1000,BT,0.013475
mejor-caso-BT,598,1000,BT,0.022322
mejor-caso-BT,599,1000,BT,0.019657
mejor-caso-BT,600,1000,BT,0.014127
mejor-caso-BT,601,1000,BT,0.019055
mejor-caso-BT,602,1000,BT,0.020469
mejor-caso-BT,603,1000,BT,0.015138
mejor-caso-BT,604,1000,BT,0.014297
mejor-caso-BT,605,1000,BT,0.024476
mejor-caso-BT,606,1000,BT,0.013766
mejor-caso-BT,607,1000,BT,0.015729
mejor-caso-BT,608,1000,BT,0.016692
mejor-caso-BT,609,1000,BT,0.015479
mejor-caso-BT,610,1000,BT,0.017643
mejor-caso-BT,611,1000,BT,0.029054
mejor-caso-BT,612,1000,BT,0.027621
mejor-caso-BT,613,1000,BT,0.031739
mejor-caso-BT,614,1000,BT,0.020708
mejor-caso-BT,615,1000,BT,0.021259
mejor-caso-BT,616,1000,BT,0.016501
mejor-caso-BT,617,1000,BT,0.022292
mejor-caso-BT,618,1000,BT,0.026038
mejor-caso-BT,619,1000,BT,0.033954
mejor-caso-BT,620,1000,BT,0.030998
mejor-caso-BT,621,1000,BT,0.036388
mejor-caso-BT,622,1000,BT,0.024747
mejor-caso-BT,623,1000,BT,0.024526
mejor-caso-BT,624,1000,BT,0.013375
mejor-caso-BT,625,1000,BT,0.029154
mejor-caso-BT,626,1000,BT,0.022943
mejor-caso-BT,627,1000,BT,0.019146
mejor-caso-BT,628,1000,BT,0.026419
mejor-caso-BT,629,1000,BT,0.0212
mejor-caso-BT,630,1000,BT,0.013576
mejor-caso-BT,631,1000,BT,0.014447
mejor-caso-BT,632,1000,BT,0.027582
mejor-caso-BT,633,1000,BT,0.025708
mejor-caso-BT,634,1000,BT,0.025989
mejor-caso-BT,635,1000,BT,0.036548
mejor-caso-BT,636,1000,BT,0.023123
mejor-caso-BT,637,1000,BT,0.035476
mejor-caso-BT,638,1000,BT,0.031699
mejor-caso-BT,639,1000,BT,0.022001
mejor-caso-BT,640,1000,BT,0.019527
mejor-caso-BT,641,1000,BT,0.022002
mejor-caso-BT,642,1000,BT,0.020678
mejor-caso-BT,643,1000,BT,0.01584
mejor-caso-BT,644,1000,BT,0.028363
mejor-caso-BT,645,1000,BT,0.023824
mejor-caso-BT,646,1000,BT,0.031629
mejor-caso-BT,647,1000,BT,0.023985
mejor-caso-BT,648,1000,BT,0.020067
mejor-caso-BT,649,1000,BT,0.020438
mejor-caso-BT,650,1000,BT,0.01607
mejor-caso-BT,651,1000,BT,0.02665
mejor-caso-BT,652,1000,BT,0.015769
mejor-caso-BT,653,1000,BT,0.029736
mejor-caso-BT,654,1000,BT,0.029164
mejor-caso-BT,655,1000,BT,0.024295
mejor-caso-BT,656,1000,BT,0.020268
mejor-caso-BT,657,1000,BT,0.014918
mejor-caso-BT,658,1000,BT,0.026049
mejor-caso-BT,659,1000,BT,0.026439
mejor-caso-BT,660,1000,BT,0.029786
mejor-caso-BT,661,1000,BT,0.026199
mejor-caso-BT,662,1000,BT,0.031038
mejor-caso-BT,663,1000,BT,0.029796
mejor-caso-BT,664,1000,BT,0.029315
mejor-caso-BT,665,1000,BT,0.023885
mejor-caso-BT,666,1000,BT,0.029866
mejor-caso-BT,667,1000,BT,0.028373
mejor-caso-BT,668,1000,BT,0.026089
mejor-caso-BT,669,1000,BT,0.028664
mejor-caso-BT,670,1000,BT,0.029715
mejor-caso-BT,671,1000,BT,0.025428
mejor-caso-BT,672,1000,BT,0.023954
mejor-caso-BT,673,1000,BT,0.020829
mejor-caso-BT,674,1000,BT,0.015118
mejor-caso-BT,675,1000,BT,0.0164
mejor-caso-BT,676,1000,BT,0.031268
mejor-caso-BT,677,1000,BT,0.029214
mejor-caso-BT,678,1000,BT,0.029145
mejor-caso-BT,679,1000,BT,0.015489
mejor-caso-BT,680,1000,BT,0.017653
mejor-caso-BT,681,1000,BT,0.028564
mejor-caso-BT,682,1000,BT,0.017002
mejor-caso-BT,683,1000,BT,0.015559
mejor-caso-BT,684,1000,BT,0.028624
mejor-caso-BT,685,1000,BT,0.015119
mejor-caso-BT,686,1000,BT,0.024837
mejor-caso-BT,687,1000,BT,0.029335
mejor-caso-BT,688,1000,BT,0.029545
mejor-caso-BT,689,1000,BT,0.030968
mejor-caso-BT,690,1000,BT,0.02704
mejor-caso-BT,691,1000,BT,0.026199
mejor-caso-BT,692,1000,BT,0.028593
mejor-caso-BT,693,1000,BT,0.029645
mejor-caso-BT,694,1000,BT,0.017493
mejor-caso-BT,695,1000,BT,0.016551
mejor-caso-BT,696,1000,BT,0.025919
mejor-caso-BT,697,1000,BT,0.028753
mejor-caso-BT,698,1000,BT,0.015489
mejor-caso-BT,699,1000,BT,0.027832
mejor-caso-BT,700,1000,BT,0.029205
mejor-caso-BT,701,1000,BT,0.030267
mejor-caso-BT,702,1000,BT,0.030017
mejor-caso-BT,703,1000,BT,0.016871
mejor-caso-BT,704,1000,BT,0.014938
mejor-caso-BT,705,1000,BT,0.028683
mejor-caso-BT,706,1000,BT,0.02656
mejor-caso-BT,707,1000,BT,0.030487
mejor-caso-BT,708,1000,BT,0.016651
mejor-caso-BT,709,1000,BT,0.029726
mejor-caso-BT,710,1000,BT,0.015298
mejor-caso-BT,711,1000,BT,0.028604
mejor-caso-BT,712,1000,BT,0.029775
mejor-caso-BT,713,1000,BT,0.031228
mejor-caso-BT,714,1000,BT,0.029795
mejor-caso-BT,715,1000,BT,0.029585
mejor-caso-BT,716,1000,BT,0.030937
mejor-caso-BT,717,1000,BT,0.018024
mejor-caso-BT,718,1000,BT,0.018975
mejor-caso-BT,719,1000,BT,0.030737
mejor-caso-BT,720,1000,BT,0.028383
mejor-caso-BT,721,1000,BT,0.031198
mejor-caso-BT,722,1000,BT,0.028854
mejor-caso-BT,723,1000,BT,0.028243
mejor-caso-BT,724,1000,BT,0.015328
mejor-caso-BT,725,1000,BT,0.015869
mejor-caso-BT,726,1000,BT,0.029696
mejor-caso-BT,727,1000,BT,0.015739
mejor-caso-BT,728,1000,BT,0.031409
mejor-caso-BT,729,1000,BT,0.028824
mejor-caso-BT,730,1000,BT,0.019707
mejor-caso-BT,731,1000,BT,0.030818
mejor-caso-BT,732,1000,BT,0.033562
mejor-caso-BT,733,1000,BT,0.020759
mejor-caso-BT,734,1000,BT,0.016481
mejor-caso-BT,735,1000,BT,0.016291
mejor-caso-BT,736,1000,BT,0.01623
mejor-caso-BT,737,1000,BT,0.01591
mejor-caso-BT,738,1000,BT,0.016331
mejor-caso-BT,739,1000,BT,0.030828
mejor-caso-BT,740,1000,BT,0.017292
mejor-caso-BT,741,1000,BT,0.01628
mejor-caso-BT,742,1000,BT,0.015479
mejor-caso-BT,743,1000,BT,0.015549
mejor-caso-BT,744,1000,BT,0.015108
mejor-caso-BT,745,1000,BT,0.016651
mejor-caso-BT,746,1000,BT,0.01592
mejor-caso-BT,747,1000,BT,0.016341
mejor-caso-BT,748,1000,BT,0.027582
mejor-caso-BT,749,1000,BT,0.029746
mejor-caso-BT,750,1000,BT,0.031179
mejor-caso-BT,751,1000,BT,0.029856
mejor-caso-BT,752,1000,BT,0.0322
mejor-caso-BT,753,1000,BT,0.019286
mejor-caso-BT,754,1000,BT,0.017222
mejor-caso-BT,755,1000,BT,0.021961
mejor-caso-BT,756,1000,BT,0.016982
mejor-caso-BT,757,1000,BT,0.019757
mejor-caso-BT,758,1000,BT,0.019707
mejor-caso-BT,759,1000,BT,0.020959
mejor-caso-BT,760,1000,BT,0.022091
mejor-caso-BT,761,1000,BT,0.020629
mejor-caso-BT,762,1000,BT,0.01632
mejor-caso-BT,763,1000,BT,0.028974
mejor-caso-BT,764,1000,BT,0.01605
mejor-caso-BT,765,1000,BT,0.01636
mejor-caso-BT,766,1000,BT,0.016111
mejor-caso-BT,767,1000,BT,0.019106
mejor-caso-BT,768,1000,BT,0.025046
mejor-caso-BT,769,1000,BT,0.016731
mejor-caso-BT,770,1000,BT,0.033482
mejor-caso-BT,771,1000,BT,0.032671
mejor-caso-BT,772,1000,BT,0.033152
mejor-caso-BT,773,1000,BT,0.019957
mejor-caso-BT,774,1000,BT,0.034094
mejor-caso-BT,775,1000,BT,0.034624
mejor-caso-BT,776,1000,BT,0.032701
mejor-caso-BT,777,1000,BT,0.031279
mejor-caso-BT,778,1000,BT,0.032571
mejor-caso-BT,779,1000,BT,0.030026
mejor-caso-BT,780,1000,BT,0.032711
mejor-caso-BT,781,1000,BT,0.030758
mejor-caso-BT,782,1000,BT,0.029445
mejor-caso-BT,783,1000,BT,0.033232
mejor-caso-BT,784,1000,BT,0.0322
mejor-caso-BT,785,1000,BT,0.028333
mejor-caso-BT,786,1000,BT,0.033963
mejor-caso-BT,787,1000,BT,0.034224
mejor-caso-BT,788,1000,BT,0.020078
mejor-caso-BT,789,1000,BT,0.017323
mejor-caso-BT,790,1000,BT,0.034034
mejor-caso-BT,791,1000,BT,0.03187
mejor-caso-BT,792,1000,BT,0.018705
mejor-caso-BT,793,1000,BT,0.030798
mejor-caso-BT,794,1000,BT,0.021701
mejor-caso-BT,795,1000,BT,0.028634
mejor-caso-BT,796,1000,BT,0.016951
mejor-caso-BT,797,1000,BT,0.017893
mejor-caso-BT,798,1000,BT,0.017293
mejor-caso-BT,799,1000,BT,0.035185
mejor-caso-BT,800,1000,BT,0.033532
mejor-caso-BT,801,1000,BT,0.030978
mejor-caso-BT,802,1000,BT,0.034064
mejor-caso-BT,803,1000,BT,0.018625
mejor-caso-BT,804,1000,BT,0.017533
mejor-caso-BT,805,1000,BT,0.022933
mejor-caso-BT,806,1000,BT,0.032471
mejor-caso-BT,807,1000,BT,0.031058
mejor-caso-BT,808,1000,BT,0.031108
mejor-caso-BT,809,1000,BT,0.033582
mejor-caso-BT,810,1000,BT,0.034765
mejor-caso-BT,811,1000,BT,0.030276
mejor-caso-BT,812,1000,BT,0.034144
mejor-caso-BT,813,1000,BT,0.034885
mejor-caso-BT,814,1000,BT,0.034144
mejor-caso-BT,815,1000,BT,0.033142
mejor-caso-BT,816,1000,BT,0.033863
mejor-caso-BT,817,1000,BT,0.035537
mejor-caso-BT,818,1000,BT,0.03194
mejor-caso-BT,819,1000,BT,0.034805
mejor-caso-BT,820,1000,BT,0.031388
mejor-caso-BT,821,1000,BT,0.034465
mejor-caso-BT,822,1000,BT,0.033182
mejor-caso-BT,823,1000,BT,0.018785
mejor-caso-BT,824,1000,BT,0.032932
mejor-caso-BT,825,1000,BT,0.019145
mejor-caso-BT,826,1000,BT,0.031289
mejor-caso-BT,827,1000,BT,0.036098
mejor-caso-BT,828,1000,BT,0.033052
mejor-caso-BT,829,1000,BT,0.033542
mejor-caso-BT,830,1000,BT,0.018394
mejor-caso-BT,831,1000,BT,0.033212
mejor-caso-BT,832,1000,BT,0.032661
mejor-caso-BT,833,1000,BT,0.024255
mejor-caso-BT,834,1000,BT,0.017473
mejor-caso-BT,835,1000,BT,0.018725
mejor-caso-BT,836,1000,BT,0.027111
mejor-caso-BT,837,1000,BT,0.018004
mejor-caso-BT,838,1000,BT,0.023574
mejor-caso-BT,839,1000,BT,0.025157
mejor-caso-BT,840,1000,BT,0.018955
mejor-caso-BT,841,1000,BT,0.034374
mejor-caso-BT,842,1000,BT,0.033513
mejor-caso-BT,843,1000,BT,0.019957
mejor-caso-BT,844,1000,BT,0.019165
mejor-caso-BT,845,1000,BT,0.023454
mejor-caso-BT,846,1000,BT,0.022602
mejor-caso-BT,847,1000,BT,0.034334
mejor-caso-BT,848,1000,BT,0.033232
mejor-caso-BT,849,1000,BT,0.018634
mejor-caso-BT,850,1000,BT,0.037791
mejor-caso-BT,851,1000,BT,0.035206
mejor-caso-BT,852,1000,BT,0.022191
mejor-caso-BT,853,1000,BT,0.028904
mejor-caso-BT,854,1000,BT,0.028624
mejor-caso-BT,855,1000,BT,0.019516
mejor-caso-BT,856,1000,BT,0.019917
mejor-caso-BT,857,1000,BT,0.018875
mejor-caso-BT,858,1000,BT,0.018735
mejor-caso-BT,859,1000,BT,0.018856
mejor-caso-BT,860,1000,BT,0.034144
mejor-caso-BT,861,1000,BT,0.035076
mejor-caso-BT,862,1000,BT,0.031119
mejor-caso-BT,863,1000,BT,0.036759
mejor-caso-BT,864,1000,BT,0.02111
mejor-caso-BT,865,1000,BT,0.019537
mejor-caso-BT,866,1000,BT,0.036157
mejor-caso-BT,867,1000,BT,0.035596
mejor-caso-BT,868,1000,BT,0.027873
mejor-caso-BT,869,1000,BT,0.034074
mejor-caso-BT,870,1000,BT,0.023414
mejor-caso-BT,871,1000,BT,0.035416
mejor-caso-BT,872,1000,BT,0.019286
mejor-caso-BT,873,1000,BT,0.034314
mejor-caso-BT,874,1000,BT,0.019516
mejor-caso-BT,875,1000,BT,0.03196
mejor-caso-BT,876,1000,BT,0.036238
mejor-caso-BT,877,1000,BT,0.023645
mejor-caso-BT,878,1000,BT,0.020448
mejor-caso-BT,879,1000,BT,0.020498
mejor-caso-BT,880,1000,BT,0.036058
mejor-caso-BT,881,1000,BT,0.031199
mejor-caso-BT,882,1000,BT,0.034775
mejor-caso-BT,883,1000,BT,0.036778
mejor-caso-BT,884,1000,BT,0.02659
mejor-caso-BT,885,1000,BT,0.019847
mejor-caso-BT,886,1000,BT,0.035145
mejor-caso-BT,887,1000,BT,0.019326
mejor-caso-BT,888,1000,BT,0.036749
mejor-caso-BT,889,1000,BT,0.034534
mejor-caso-BT,890,1000,BT,0.019636
mejor-caso-BT,891,1000,BT,0.03765
mejor-caso-BT,892,1000,BT,0.035947
mejor-caso-BT,893,1000,BT,0.036328
mejor-caso-BT,894,1000,BT,0.036498
mejor-caso-BT,895,1000,BT,0.036338
mejor-caso-BT,896,1000,BT,0.0374
mejor-caso-BT,897,1000,BT,0.035977
mejor-caso-BT,898,1000,BT,0.034374
mejor-caso-BT,899,1000,BT,0.036749
mejor-caso-BT,900,1000,BT,0.03187
mejor-caso-BT,901,1000,BT,0.036598
mejor-caso-BT,902,1000,BT,0.019868
mejor-caso-BT,903,1000,BT,0.032982
mejor-caso-BT,904,1000,BT,0.03206
mejor-caso-BT,905,1000,BT,0.035617
mejor-caso-BT,906,1000,BT,0.024896
mejor-caso-BT,907,1000,BT,0.024766
mejor-caso-BT,908,1000,BT,0.03753
mejor-caso-BT,909,1000,BT,0.037741
mejor-caso-BT,910,1000,BT,0.019246
mejor-caso-BT,911,1000,BT,0.038272
mejor-caso-BT,912,1000,BT,0.02686
mejor-caso-BT,913,1000,BT,0.035757
mejor-caso-BT,914,1000,BT,0.027171
mejor-caso-BT,915,1000,BT,0.024416
mejor-caso-BT,916,1000,BT,0.020018
mejor-caso-BT,917,1000,BT,0.020128
mejor-caso-BT,918,1000,BT,0.019677
mejor-caso-BT,919,1000,BT,0.036819
mejor-caso-BT,920,1000,BT,0.036468
mejor-caso-BT,921,1000,BT,0.036849
mejor-caso-BT,922,1000,BT,0.020127
mejor-caso-BT,923,1000,BT,0.036879
mejor-caso-BT,924,1000,BT,0.039614
mejor-caso-BT,925,1000,BT,0.038001
mejor-caso-BT,926,1000,BT,0.038502
mejor-caso-BT,927,1000,BT,0.03747
mejor-caso-BT,928,1000,BT,0.037049
mejor-caso-BT,929,1000,BT,0.024025
mejor-caso-BT,930,1000,BT,0.019947
mejor-caso-BT,931,1000,BT,0.034004
mejor-caso-BT,932,1000,BT,0.03772
mejor-caso-BT,933,1000,BT,0.024225
mejor-caso-BT,934,1000,BT,0.022833
mejor-caso-BT,935,1000,BT,0.02131
mejor-caso-BT,936,1000,BT,0.039995
mejor-caso-BT,937,1000,BT,0.036658
mejor-caso-BT,938,1000,BT,0.039915
mejor-caso-BT,939,1000,BT,0.020448
mejor-caso-BT,940,1000,BT,0.040506
mejor-caso-BT,941,1000,BT,0.021992
mejor-caso-BT,942,1000,BT,0.034675
mejor-caso-BT,943,1000,BT,0.02151
mejor-caso-BT,944,1000,BT,0.033903
mejor-caso-BT,945,1000,BT,0.034635
mejor-caso-BT,946,1000,BT,0.022211
mejor-caso-BT,947,1000,BT,0.034624
mejor-caso-BT,948,1000,BT,0.018695
mejor-caso-BT,949,1000,BT,0.023013
mejor-caso-BT,950,1000,BT,0.037831
mejor-caso-BT,951,1000,BT,0.038782
mejor-caso-BT,952,1000,BT,0.031218
mejor-caso-BT,953,1000,BT,0.03775
mejor-caso-BT,954,1000,BT,0.023433
mejor-caso-BT,955,1000,BT,0.023975
mejor-caso-BT,956,1000,BT,0.019446
mejor-caso-BT,957,1000,BT,0.025537
mejor-caso-BT,958,1000,BT,0.030337
mejor-caso-BT,959,1000,BT,0.022381
mejor-caso-BT,960,1000,BT,0.020689
mejor-caso-BT,961,1000,BT,0.03245
mejor-caso-BT,962,1000,BT,0.0211
mejor-caso-BT,963,1000,BT,0.023204
mejor-caso-BT,964,1000,BT,0.03223
mejor-caso-BT,965,1000,BT,0.019737
mejor-caso-BT,966,1000,BT,0.040776
mejor-caso-BT,967,1000,BT,0.038001
mejor-caso-BT,968,1000,BT,0.02133
mejor-caso-BT,969,1000,BT,0.02644
mejor-caso-BT,970,1000,BT,0.027301
mejor-caso-BT,971,1000,BT,0.047318
mejor-caso-BT,972,1000,BT,0.022703
mejor-caso-BT,973,1000,BT,0.0325
mejor-caso-BT,974,1000,BT,0.037389
mejor-caso-BT,975,1000,BT,0.02134
mejor-caso-BT,976,1000,BT,0.036187
mejor-caso-BT,977,1000,BT,0.0214
mejor-caso-BT,978,1000,BT,0.039243
mejor-caso-BT,979,1000,BT,0.025858
mejor-caso-BT,980,1000,BT,0.020238
mejor-caso-BT,981,1000,BT,0.018014
mejor-caso-BT,982,1000,BT,0.022171
mejor-caso-BT,983,1000,BT,0.02172
mejor-caso-BT,984,1000,BT,0.038632
mejor-caso-BT,985,1000,BT,0.039704
mejor-caso-BT,986,1000,BT,0.039995
mejor-caso-BT,987,1000,BT,0.038492
mejor-caso-BT,988,1000,BT,0.0374
mejor-caso-BT,989,1000,BT,0.041849
mejor-caso-BT,990,1000,BT,0.038372
mejor-caso-BT,991,1000,BT,0.034956
mejor-caso-BT,992,1000,BT,0.025377
mejor-caso-BT,993,1000,BT,0.023634
mejor-caso-BT,994,1000,BT,0.034835
mejor-caso-BT,995,1000,BT,0.038432
mejor-caso-BT,996,1000,BT,0.035606
mejor-caso-BT,997,1000,BT,0.036137
mejor-caso-BT,998,1000,BT,0.038882
peor-caso-BT,0,0,BT,0.002184
peor-caso-BT,1,1,BT,0.002805
peor-caso-BT,2,1,BT,0.002003
peor-caso-BT,3,2,BT,0.001973
peor-caso-BT,4,2,BT,0.004438
peor-caso-BT,5,3,BT,0.004409
peor-caso-BT,6,3,BT,0.002705
peor-caso-BT,7,4,BT,0.004919
peor-caso-BT,8,4,BT,0.00527
peor-caso-BT,9,5,BT,0.00541
peor-caso-BT,10,5,BT,0.007474
peor-caso-BT,11,6,BT,0.007855
peor-caso-BT,12,6,BT,0.01083
peor-caso-BT,13,7,BT,0.01081
peor-caso-BT,14,7,BT,0.016741
peor-caso-BT,15,8,BT,0.016191
peor-caso-BT,16,8,BT,0.024296
peor-caso-BT,17,9,BT,0.018625
peor-caso-BT,18,9,BT,0.043331
peor-caso-BT,19,10,BT,0.049072
peor-caso-BT,20,10,BT,0.075171
peor-caso-BT,21,11,BT,0.083726
peor-caso-BT,22,11,BT,0.152304
peor-caso-BT,23,12,BT,0.175658
peor-caso-BT,24,12,BT,0.300863
peor-caso-BT,25,13,BT,0.189955
peor-caso-BT,26,13,BT,0.541252
peor-caso-BT,27,14,BT,0.585605
peor-caso-BT,28,14,BT,1.24444
peor-caso-BT,29,15,BT,1.38345
peor-caso-BT,30,15,BT,2.65792
peor-caso-BT,31,16,BT,1.37893
peor-caso-BT,32,16,BT,5.30305
peor-caso-BT,33,17,BT,5.59986
peor-caso-BT,34,17,BT,7.59632
peor-caso-BT,35,18,BT,6.17544
peor-caso-BT,36,18,BT,11.2806
peor-caso-BT,37,19,BT,11.81
peor-caso-BT,38,19,BT,24.7152
peor-caso-BT,39,20,BT,23.6789
peor-caso-BT,40,20,BT,44.3121
peor-caso-BT,41,21,BT,49.0329
peor-caso-BT,42,21,BT,86.7826
peor-caso-BT,43,22,BT,91.3048
